{
  "lstm": {
    "train_loss": [
      3.5615536880493166,
      3.561093044281006,
      3.561093044281006,
      3.561093044281006,
      3.561553726196289
    ],
    "val_loss": [
      3.297968635559082,
      3.2958945655822753,
      3.2958945655822753,
      3.2958945655822753,
      3.2979686737060545
    ]
  },
  "transformer": {
    "train_loss": [
      3.4198710441589357,
      3.413723726272583,
      3.413723726272583,
      3.413723726272583,
      3.4198704624176024
    ],
    "val_loss": [
      3.0231198692321777,
      3.030190010070801,
      3.030190010070801,
      3.030190010070801,
      3.023108720779419
    ]
  }
}