{
  "lstm": {
    "train_loss": [
      3.5615536880493166,
      3.561093044281006,
      3.561093044281006,
      3.561093044281006
    ],
    "val_loss": [
      3.297968635559082,
      3.2958945655822753,
      3.2958945655822753,
      3.2958945655822753
    ]
  },
  "transformer": {
    "train_loss": [
      3.4198710441589357,
      3.413723726272583,
      3.413723726272583,
      3.413723726272583
    ],
    "val_loss": [
      3.0231198692321777,
      3.030190010070801,
      3.030190010070801,
      3.030190010070801
    ]
  }
}